{"cameraMode":{"drawMode":0,"name":"Shaded","section":"Shading Mode"},"sceneLighting":true,"audioPlay":false,"sceneViewState":{"showFog":true,"showMaterialUpdate":false,"showSkybox":true,"showFlares":true,"showImageEffects":true,"showParticleSystems":true},"in2DMode":false,"pivot":{"x":-18.84439468383789,"y":12.63905143737793,"z":33.9085693359375},"rotation":{"x":-0.0011722379131242633,"y":0.9948729276657105,"z":-0.10063373297452927,"w":-0.011641077697277069},"size":10.608490943908692,"orthographic":false}