{"cameraMode":{"drawMode":0,"name":"Shaded","section":"Shading Mode"},"sceneLighting":false,"audioPlay":false,"sceneViewState":{"showFog":true,"showMaterialUpdate":false,"showSkybox":false,"showFlares":true,"showImageEffects":true,"showParticleSystems":true},"in2DMode":false,"pivot":{"x":0.4200001657009125,"y":21.399999618530275,"z":-2.384185791015625e-7},"rotation":{"x":0.012876184657216072,"y":0.9666908979415894,"z":-0.2507634460926056,"w":0.049634817987680438},"size":4.9052252769470219,"orthographic":false}