{"cameraMode":{"drawMode":0,"name":"Shaded","section":"Shading Mode"},"sceneLighting":false,"audioPlay":false,"sceneViewState":{"showFog":true,"showMaterialUpdate":false,"showSkybox":false,"showFlares":true,"showImageEffects":true,"showParticleSystems":true},"in2DMode":false,"pivot":{"x":22.18000030517578,"y":5.349999904632568,"z":26.820999145507814},"rotation":{"x":-0.08928518742322922,"y":0.7488901615142822,"z":-0.10309712588787079,"w":-0.6485252380371094},"size":0.4330126941204071,"orthographic":false}